prov,pln,pdrb_ribu,bansos,ipm,bb_listrik,bb_elpiji,internet,kel_besar,ppm,tpt,penduduk,pln_gap,pdrb_juta,pdrb_log,bb_bersih,bansos_rasio,PC1,PC2,PC3,klaster,tipologi
ACEH,99.73,43782.22,1932814,75.36,0.41,95.89,88.95,17.01,14.23,5.75,5554.8,0.23901690047049678,43.78222,3.7792277988949894,96.3,347.95384172247424,0.29404171655810635,-0.29818095619506724,-1.1805225904507317,2,"Maju, ekonomi menengah"
SUMATERA UTARA,99.23,73574.62,3074198,75.76,0.46,93.69,92.3,16.36,7.99,5.6,15588.5,0.5709795465857356,73.57462,4.298300129308373,94.14999999999999,197.20935304872182,1.3164190466948391,0.3159319859068826,-0.3303908158214547,2,"Maju, ekonomi menengah"
SUMATERA BARAT,98.95,57083.09,1273639,76.43,0.37,88.27,91.89,18.17,5.97,5.75,5836.2,0.7178397931503154,57.08309,4.044507925691416,88.64,218.2308694013228,1.2039817535954513,0.4898797985025852,-0.7945438725964762,2,"Maju, ekonomi menengah"
RIAU,96.6,165349.71,1052412,75.67,0.15,96.68,94.16,14.55,6.67,3.7,6728.1,1.4816045409242167,165.34971,5.108062685570806,96.83000000000001,156.4203861417042,1.3658685300618356,0.26197326937083804,1.1949500678546332,1,Maju dan kaya
JAMBI,98.9,86774.89,684629,74.36,0.15,94.1,90.59,12.56,7.1,4.48,3724.3,0.7419373447293746,86.77489,4.463317294100835,94.25,183.827564911527,1.2082799707712601,-0.3061829389359815,0.28467745619236245,2,"Maju, ekonomi menengah"
SUMATERA SELATAN,97.02,75131.73,1844008,73.84,0.33,97.21,90.94,13.74,10.97,3.86,8837.3,1.3812818192963474,75.13172999999999,4.319242972869585,97.53999999999999,208.66192162764648,0.5119425816645563,-0.39472172241387793,0.21352369037633448,2,"Maju, ekonomi menengah"
BENGKULU,99.75,49233.12,552843,74.91,0.29,96.02,90.62,10.09,13.56,3.11,2112.2,0.22314355131420976,49.23312,3.8965665677521857,96.31,261.73799829561597,0.46317622300104666,-1.589145217907105,-0.45535070849267273,2,"Maju, ekonomi menengah"
LAMPUNG,99.21,51386.84,2773343,73.13,0.59,93.94,91.57,9.47,10.69,4.19,9419.6,0.5822156198526671,51.38684,3.93938210855115,94.53,294.4225869463671,0.4803410036259444,-1.252599998554779,-0.30811660645923145,2,"Maju, ekonomi menengah"
KEP. BANGKA BELITUNG,99.66,70193.32,168012,74.55,0.12,97.71,92.14,11.22,4.55,4.63,1531.5,0.29266961396282254,70.19332,4.251253149808923,97.83,109.70421155729677,1.804894264833949,-0.4841342249474525,-0.03633262091353436,2,"Maju, ekonomi menengah"
KEP. RIAU,98.39,161424.32,239773,79.89,2.65,88.52,97.57,9.97,5.37,6.39,2183.3,0.9593502213346018,161.42432,5.084036426021081,91.17,109.82137131864607,2.639436726553682,0.7011262449578403,1.1692909660563504,1,Maju dan kaya
DKI JAKARTA,99.97,344382.53,812769,84.15,0.68,97.28,98.18,8.91,4.3,6.21,10684.9,0.029558802241545508,344.38253000000003,5.841753045366858,97.96000000000001,76.06706660801693,3.8023622219562254,0.7550272089101053,1.9677301479771254,1,Maju dan kaya
JAWA BARAT,99.9,56081.86,15381114,74.92,0.54,94.06,90.58,7.71,7.46,6.75,50345.2,0.09531017980431969,56.08186,4.026812409080748,94.60000000000001,305.51301812287966,1.3755335824355144,-0.7308231223562547,-0.29863590655788513,2,"Maju, ekonomi menengah"
JAWA TENGAH,99.94,47970.48,12319492,73.87,0.31,91.19,88.89,10.44,10.47,4.78,37892.3,0.05826890812397792,47.97048,3.8705858217178193,91.5,325.1186124885531,0.5651884786147479,-1.1817709489022608,-0.6202823186515416,2,"Maju, ekonomi menengah"
DI YOGYAKARTA,100.0,51486.05,1305356,81.62,1.67,84.05,89.5,7.08,10.83,3.48,3759.5,0.0,51.486050000000006,3.9413108971903523,85.72,347.21532118632797,1.0160965902000856,-1.7907802084946078,-0.4093659202088431,2,"Maju, ekonomi menengah"
JAWA TIMUR,99.71,75770.26,11806155,75.35,0.56,89.89,86.9,9.2,9.79,4.19,41814.5,0.2546422183735856,75.77026,4.327705867374639,90.45,282.3459565461742,0.852221460071698,-1.1245928983914957,0.19705771639749728,2,"Maju, ekonomi menengah"
BANTEN,99.79,70275.82,2197612,76.35,0.22,93.19,93.02,9.54,5.84,6.68,12431.4,0.19062035960864454,70.27582000000001,4.252427785169913,93.41,176.77912383158775,2.0243167272888547,-0.11589003680971517,-0.07548028307052436,2,"Maju, ekonomi menengah"
BALI,99.9,67318.28,598381,78.63,0.67,89.85,92.16,13.58,4.0,1.79,4433.3,0.09531017980431969,67.31828,4.209431819382424,90.52,134.97417273814088,1.593590519860724,-1.0813810562122719,-0.3275022728393082,2,"Maju, ekonomi menengah"
NUSA TENGGARA BARAT,99.89,32282.17,1998584,73.1,0.38,92.68,86.54,7.2,12.91,2.73,5646.0,0.10436001532424226,32.28217,3.4745150654297814,93.06,353.9822883457315,-0.14366912601939513,-2.4572595009098324,-0.8283060389274313,2,"Maju, ekonomi menengah"
NUSA TENGGARA TIMUR,91.01,24302.96,2355814,69.14,1.16,1.39,82.45,25.76,19.48,3.02,5656.0,2.3015845926604617,24.30296,3.1905981536277706,2.55,416.5159123055163,-3.2789831971939196,0.6755159471248062,-1.8309200609942913,3,Timur tertinggal
KALIMANTAN BARAT,92.95,52702.7,1185869,71.19,0.02,97.3,92.65,16.34,6.32,4.86,5695.5,2.085672091430472,52.7027,3.9646666876315155,97.32,208.21157053814414,0.34896428191700096,0.18796159991608527,-0.2913123492826188,2,"Maju, ekonomi menengah"
KALIMANTAN TENGAH,89.04,79319.73,361252,74.28,0.22,95.15,92.13,8.72,5.17,4.01,2809.7,2.481567748522485,79.31972999999999,4.3734868997123675,95.37,128.57315727657758,0.9988723211529158,-0.3648088884050832,0.9382361425141151,2,"Maju, ekonomi menengah"
KALIMANTAN SELATAN,98.89,67122.21,613042,75.19,0.14,92.65,89.22,9.17,4.11,4.2,4273.4,0.7466879474879748,67.12221000000001,4.206514987719402,92.79,143.45532831001077,1.4992731439200462,-0.7808666575882875,0.19790180930522333,2,"Maju, ekonomi menengah"
KALIMANTAN TIMUR,96.5,212116.62,330300,78.79,0.42,98.57,95.45,13.38,5.78,5.14,4045.9,1.5040773967762742,212.11661999999998,5.357136217765208,98.99,81.63820163622432,2.280008642893319,0.8780569828982983,1.5702447019176329,1,Maju dan kaya
KALIMANTAN UTARA,96.18,198676.76,88967,73.41,1.4,87.79,94.58,21.63,6.32,3.9,739.8,1.5727739280625075,198.67676,5.291679182475819,89.19000000000001,120.25817788591512,1.120522061381553,1.3126873313825644,1.015729918755582,1,Maju dan kaya
SULAWESI UTARA,99.67,69352.24,523426,75.68,0.35,85.59,89.31,12.78,7.25,5.85,2701.8,0.28517894223366114,69.35224000000001,4.239198446167111,85.94,193.73232659708341,1.4238212157969898,-0.025504698915499783,-0.20710061436398453,2,"Maju, ekonomi menengah"
SULAWESI TENGAH,96.6,120749.57,835730,72.24,0.04,76.83,87.94,18.22,11.77,2.94,3121.8,1.4816045409242167,120.74957,4.7937187314497365,76.87,267.70773271830353,-0.23427618555761887,0.11752031226023872,0.6229643209040704,2,"Maju, ekonomi menengah"
SULAWESI SELATAN,98.23,73573.33,2406145,75.18,0.28,95.37,92.18,19.32,8.06,4.19,9463.4,1.0188473201992456,73.57333,4.29828259593465,95.65,254.2579833886341,0.6715294829375097,0.17930652459950575,-0.39968234503020533,2,"Maju, ekonomi menengah"
SULAWESI TENGGARA,97.83,67839.91,730416,73.62,0.0,71.12,91.7,22.33,11.21,3.09,2793.1,1.1537315878891898,67.83991,4.217150664831824,71.12,261.507285811464,-0.22835222731811178,0.36065227254705073,-0.632487016771698,2,"Maju, ekonomi menengah"
GORONTALO,98.99,44437.14,451196,72.01,0.28,97.03,90.17,18.59,14.57,3.13,1227.8,0.6981347220709869,44.43714,3.7940756062648213,97.31,367.48330346962047,-0.5845929180751227,-0.8766830307461076,-1.0632803176117827,2,"Maju, ekonomi menengah"
SULAWESI BARAT,94.99,42717.73,418930,70.46,0.51,85.17,89.67,22.79,11.21,2.68,1503.2,1.793424748547117,42.71773,3.754614056536015,85.68,278.6921234699308,-0.8931477023596881,-0.04935420748663721,-1.0236615721505407,2,"Maju, ekonomi menengah"
MALUKU,95.37,32198.79,384321,73.4,0.21,1.55,87.27,28.93,16.05,6.11,1945.6,1.7281094421515981,32.19879,3.4719288742045538,1.76,197.53340871710526,-1.29763102067717,2.489092772483449,-1.9195299098252636,3,Timur tertinggal
MALUKU UTARA,94.27,71516.58,207123,71.84,0.3,2.21,87.28,25.86,6.32,4.03,1355.6,1.906575143656637,71.51658,4.269929310929958,2.51,152.79064620832105,-0.6604184426832416,2.1021067119790744,-0.5234641533046597,3,Timur tertinggal
PAPUA BARAT,82.31,131636.45,219207,67.69,1.05,2.82,85.51,22.04,21.66,4.13,578.7,2.9279886214674713,131.63645000000002,4.880043956224424,3.87,378.7921202695697,-2.6524129119458917,1.704858386505242,0.8881656011892989,3,Timur tertinggal
PAPUA BARAT DAYA,87.86,59063.54,204273,69.65,0.35,4.93,88.49,24.19,18.13,6.48,627.1,2.5756610130564646,59.06354,4.078613813564543,5.279999999999999,325.74230585233613,-1.9223511654770509,2.3071499904913413,-0.5708499546384812,3,Timur tertinggal
PAPUA,90.24,81009.15,319418,73.83,0.43,4.95,81.99,20.61,17.26,6.48,1060.6,2.375835554733639,81.00914999999999,4.394562111255566,5.38,301.1672638129361,-1.3335827102511453,2.0564412703883765,0.11855076097139486,3,Timur tertinggal
PAPUA SELATAN,67.05,61621.8,257892,68.86,0.0,4.16,65.71,21.65,17.44,4.05,542.1,3.5248888540047054,61.6218,4.121015704036914,4.16,475.72772551189814,-3.5350981464411975,0.9890135304633654,0.2942139174642047,3,Timur tertinggal
PAPUA TENGAH,35.27,118773.53,900736,60.25,0.18,4.69,36.08,10.79,29.76,2.75,1472.9,4.185555442275485,118.77353,4.777218570654575,4.87,611.5391404711793,-5.986931590955144,-0.8600283846257684,2.7694901656372224,4,Tertinggal ekstrem
PAPUA PEGUNUNGAN,14.53,18105.38,788349,54.43,0.03,0.07,12.15,13.51,32.97,1.32,1467.0,4.459797532972339,18.10538,2.896209131674506,0.1,537.3885480572598,-8.109235202833164,-2.119593441889564,0.6843908654501136,4,Tertinggal ekstrem
